"","KPoint 1","","KPoint 2","","KPoint 3","","KPoint 4","","KPoint 5","","KPoint 6","","KPoint 7","","KPoint 8","","KPoint 9","","KPoint 10","","KPoint 11","","KPoint 12","","KPoint 13","","KPoint 14",""
"Band","E - EF / eV","Occ","E - EF / eV","Occ","E - EF / eV","Occ","E - EF / eV","Occ","E - EF / eV","Occ","E - EF / eV","Occ","E - EF / eV","Occ","E - EF / eV","Occ","E - EF / eV","Occ","E - EF / eV","Occ","E - EF / eV","Occ","E - EF / eV","Occ","E - EF / eV","Occ","E - EF / eV","Occ"
"1","-19.5273","2.0","-19.5272","2.0","-19.5272","2.0","-19.5272","2.0","-19.5272","2.0","-19.5271","2.0","-19.527","2.0","-19.5271","2.0","-19.527","2.0","-19.527","2.0","-19.527","2.0","-19.527","2.0","-19.527","2.0","-19.527","2.0"
"2","-19.5271","2.0","-19.5271","2.0","-19.5271","2.0","-19.5271","2.0","-19.5271","2.0","-19.5269","2.0","-19.5269","2.0","-19.5269","2.0","-19.5269","2.0","-19.5269","2.0","-19.5269","2.0","-19.5269","2.0","-19.5269","2.0","-19.5269","2.0"
"3","-19.5266","2.0","-19.5265","2.0","-19.5265","2.0","-19.5264","2.0","-19.5264","2.0","-19.5268","2.0","-19.526699999999998","2.0","-19.526699999999998","2.0","-19.526699999999998","2.0","-19.5266","2.0","-19.5266","2.0","-19.526699999999998","2.0","-19.5266","2.0","-19.5266","2.0"
"4","-19.5264","2.0","-19.5264","2.0","-19.5264","2.0","-19.5264","2.0","-19.5264","2.0","-19.5266","2.0","-19.5266","2.0","-19.5266","2.0","-19.5266","2.0","-19.5266","2.0","-19.5266","2.0","-19.5266","2.0","-19.5266","2.0","-19.5266","2.0"
"5","-19.5205","2.0","-19.5205","2.0","-19.5205","2.0","-19.5205","2.0","-19.5205","2.0","-19.5201","2.0","-19.5201","2.0","-19.5201","2.0","-19.5201","2.0","-19.5202","2.0","-19.5202","2.0","-19.5201","2.0","-19.5202","2.0","-19.5202","2.0"
"6","-19.5203","2.0","-19.5204","2.0","-19.5204","2.0","-19.5204","2.0","-19.5204","2.0","-19.52","2.0","-19.5201","2.0","-19.5201","2.0","-19.5201","2.0","-19.5201","2.0","-19.5201","2.0","-19.5201","2.0","-19.5201","2.0","-19.5201","2.0"
"7","-19.519099999999998","2.0","-19.519099999999998","2.0","-19.5192","2.0","-19.5192","2.0","-19.5192","2.0","-19.5195","2.0","-19.5195","2.0","-19.5195","2.0","-19.5195","2.0","-19.5195","2.0","-19.5195","2.0","-19.5195","2.0","-19.5195","2.0","-19.5195","2.0"
"8","-19.519","2.0","-19.519099999999998","2.0","-19.519099999999998","2.0","-19.519099999999998","2.0","-19.519099999999998","2.0","-19.5194","2.0","-19.5194","2.0","-19.5194","2.0","-19.5194","2.0","-19.5195","2.0","-19.5195","2.0","-19.5194","2.0","-19.5195","2.0","-19.5195","2.0"
"9","-16.4845","2.0","-16.4845","2.0","-16.4825","2.0","-16.482400000000002","2.0","-16.482400000000002","2.0","-16.4821","2.0","-16.482","2.0","-16.482","2.0","-16.4799","2.0","-16.4798","2.0","-16.4798","2.0","-16.4799","2.0","-16.4798","2.0","-16.4798","2.0"
"10","-16.4844","2.0","-16.4844","2.0","-16.4822","2.0","-16.482300000000002","2.0","-16.482300000000002","2.0","-16.482","2.0","-16.482","2.0","-16.482","2.0","-16.4797","2.0","-16.4797","2.0","-16.4797","2.0","-16.4797","2.0","-16.4797","2.0","-16.4797","2.0"
"11","-16.4776","2.0","-16.4773","2.0","-16.479","2.0","-16.4788","2.0","-16.4788","2.0","-16.4775","2.0","-16.4775","2.0","-16.4775","2.0","-16.4761","2.0","-16.4759","2.0","-16.4759","2.0","-16.4761","2.0","-16.4759","2.0","-16.4759","2.0"
"12","-16.4766","2.0","-16.4768","2.0","-16.4783","2.0","-16.4784","2.0","-16.4784","2.0","-16.4775","2.0","-16.4775","2.0","-16.4775","2.0","-16.4756","2.0","-16.4757","2.0","-16.4757","2.0","-16.4756","2.0","-16.4757","2.0","-16.4757","2.0"
"13","-16.4755","2.0","-16.4754","2.0","-16.4727","2.0","-16.4727","2.0","-16.4727","2.0","-16.474600000000002","2.0","-16.4743","2.0","-16.4743","2.0","-16.475","2.0","-16.4749","2.0","-16.4749","2.0","-16.475","2.0","-16.4749","2.0","-16.4749","2.0"
"14","-16.4754","2.0","-16.4754","2.0","-16.4727","2.0","-16.4727","2.0","-16.4727","2.0","-16.4737","2.0","-16.4739","2.0","-16.4739","2.0","-16.4749","2.0","-16.4749","2.0","-16.4749","2.0","-16.4749","2.0","-16.4749","2.0","-16.4749","2.0"
"15","-16.4659","2.0","-16.465700000000002","2.0","-16.4678","2.0","-16.4678","2.0","-16.4678","2.0","-16.4688","2.0","-16.468600000000002","2.0","-16.468500000000002","2.0","-16.4705","2.0","-16.4704","2.0","-16.4704","2.0","-16.4705","2.0","-16.4704","2.0","-16.4704","2.0"
"16","-16.4654","2.0","-16.465500000000002","2.0","-16.4676","2.0","-16.4677","2.0","-16.4677","2.0","-16.4681","2.0","-16.4682","2.0","-16.4683","2.0","-16.470200000000002","2.0","-16.4703","2.0","-16.4703","2.0","-16.470200000000002","2.0","-16.4703","2.0","-16.4703","2.0"
"17","-16.4573","2.0","-16.4546","2.0","-16.4559","2.0","-16.453300000000002","2.0","-16.453300000000002","2.0","-16.4568","2.0","-16.4541","2.0","-16.4541","2.0","-16.4555","2.0","-16.4529","2.0","-16.4529","2.0","-16.4555","2.0","-16.4529","2.0","-16.4529","2.0"
"18","-16.4545","2.0","-16.451800000000002","2.0","-16.4538","2.0","-16.451","2.0","-16.451","2.0","-16.4554","2.0","-16.4527","2.0","-16.4527","2.0","-16.4545","2.0","-16.451800000000002","2.0","-16.451800000000002","2.0","-16.4545","2.0","-16.451800000000002","2.0","-16.451800000000002","2.0"
"19","-16.4505","2.0","-16.4493","2.0","-16.4525","2.0","-16.45","2.0","-16.45","2.0","-16.450400000000002","2.0","-16.448700000000002","2.0","-16.448700000000002","2.0","-16.4524","2.0","-16.4498","2.0","-16.4499","2.0","-16.4524","2.0","-16.4498","2.0","-16.4499","2.0"
"20","-16.4501","2.0","-16.4481","2.0","-16.4516","2.0","-16.449","2.0","-16.449","2.0","-16.450200000000002","2.0","-16.4479","2.0","-16.448","2.0","-16.452","2.0","-16.4493","2.0","-16.4493","2.0","-16.452","2.0","-16.4493","2.0","-16.4493","2.0"
"21","-16.4466","2.0","-16.4475","2.0","-16.4453","2.0","-16.448","2.0","-16.448","2.0","-16.446","2.0","-16.4477","2.0","-16.4477","2.0","-16.4448","2.0","-16.4475","2.0","-16.4475","2.0","-16.4448","2.0","-16.4475","2.0","-16.4475","2.0"
"22","-16.4436","2.0","-16.4463","2.0","-16.442800000000002","2.0","-16.4456","2.0","-16.4456","2.0","-16.4445","2.0","-16.447200000000002","2.0","-16.447200000000002","2.0","-16.4436","2.0","-16.4463","2.0","-16.4463","2.0","-16.4436","2.0","-16.4463","2.0","-16.4463","2.0"
"23","-16.4405","2.0","-16.4431","2.0","-16.4423","2.0","-16.4449","2.0","-16.4449","2.0","-16.4403","2.0","-16.4429","2.0","-16.4429","2.0","-16.442","2.0","-16.4447","2.0","-16.4446","2.0","-16.442","2.0","-16.4447","2.0","-16.4446","2.0"
"24","-16.4394","2.0","-16.4421","2.0","-16.4407","2.0","-16.4435","2.0","-16.4435","2.0","-16.439700000000002","2.0","-16.4424","2.0","-16.4424","2.0","-16.441200000000002","2.0","-16.4439","2.0","-16.444","2.0","-16.441200000000002","2.0","-16.4439","2.0","-16.444","2.0"
"25","-16.4279","2.0","-16.4279","2.0","-16.4277","2.0","-16.4277","2.0","-16.4277","2.0","-16.4278","2.0","-16.4278","2.0","-16.4278","2.0","-16.4276","2.0","-16.4276","2.0","-16.4276","2.0","-16.4276","2.0","-16.4276","2.0","-16.4276","2.0"
"26","-16.4279","2.0","-16.4279","2.0","-16.4277","2.0","-16.4277","2.0","-16.4277","2.0","-16.4278","2.0","-16.4278","2.0","-16.4278","2.0","-16.4276","2.0","-16.4276","2.0","-16.4276","2.0","-16.4276","2.0","-16.4276","2.0","-16.4276","2.0"
"27","-16.427400000000002","2.0","-16.427400000000002","2.0","-16.4273","2.0","-16.4273","2.0","-16.4273","2.0","-16.427500000000002","2.0","-16.427500000000002","2.0","-16.427500000000002","2.0","-16.4273","2.0","-16.4273","2.0","-16.4273","2.0","-16.4273","2.0","-16.4273","2.0","-16.4273","2.0"
"28","-16.427400000000002","2.0","-16.427400000000002","2.0","-16.4273","2.0","-16.4273","2.0","-16.4273","2.0","-16.427500000000002","2.0","-16.427500000000002","2.0","-16.427500000000002","2.0","-16.4273","2.0","-16.4273","2.0","-16.4273","2.0","-16.4273","2.0","-16.4273","2.0","-16.4273","2.0"
"29","-16.4271","2.0","-16.4271","2.0","-16.4272","2.0","-16.4272","2.0","-16.4272","2.0","-16.427","2.0","-16.427","2.0","-16.427","2.0","-16.4272","2.0","-16.4272","2.0","-16.4272","2.0","-16.4272","2.0","-16.4272","2.0","-16.4272","2.0"
"30","-16.4271","2.0","-16.4271","2.0","-16.4272","2.0","-16.4272","2.0","-16.4272","2.0","-16.427","2.0","-16.427","2.0","-16.427","2.0","-16.4272","2.0","-16.4272","2.0","-16.4272","2.0","-16.4272","2.0","-16.4272","2.0","-16.4272","2.0"
"31","-16.4266","2.0","-16.4266","2.0","-16.4268","2.0","-16.4268","2.0","-16.4268","2.0","-16.4267","2.0","-16.4267","2.0","-16.4267","2.0","-16.4269","2.0","-16.4269","2.0","-16.4269","2.0","-16.4269","2.0","-16.4269","2.0","-16.4269","2.0"
"32","-16.4266","2.0","-16.4266","2.0","-16.4268","2.0","-16.4268","2.0","-16.4268","2.0","-16.4267","2.0","-16.4267","2.0","-16.4267","2.0","-16.4269","2.0","-16.4269","2.0","-16.4269","2.0","-16.4269","2.0","-16.4269","2.0","-16.4269","2.0"
"33","-16.414","2.0","-16.4139","2.0","-16.414","2.0","-16.4139","2.0","-16.413800000000002","2.0","-16.4139","2.0","-16.413700000000002","2.0","-16.413700000000002","2.0","-16.4139","2.0","-16.413700000000002","2.0","-16.413700000000002","2.0","-16.4139","2.0","-16.413700000000002","2.0","-16.413700000000002","2.0"
"34","-16.414","2.0","-16.413800000000002","2.0","-16.414","2.0","-16.413800000000002","2.0","-16.413800000000002","2.0","-16.4139","2.0","-16.413700000000002","2.0","-16.413700000000002","2.0","-16.4139","2.0","-16.413700000000002","2.0","-16.413700000000002","2.0","-16.4139","2.0","-16.413700000000002","2.0","-16.413700000000002","2.0"
"35","-16.4134","2.0","-16.4135","2.0","-16.4134","2.0","-16.4135","2.0","-16.4135","2.0","-16.4136","2.0","-16.4134","2.0","-16.4134","2.0","-16.4136","2.0","-16.4134","2.0","-16.4134","2.0","-16.4136","2.0","-16.4134","2.0","-16.4134","2.0"
"36","-16.4134","2.0","-16.4135","2.0","-16.4134","2.0","-16.4135","2.0","-16.4135","2.0","-16.4136","2.0","-16.4134","2.0","-16.4134","2.0","-16.4136","2.0","-16.4134","2.0","-16.4134","2.0","-16.4136","2.0","-16.4134","2.0","-16.4134","2.0"
"37","-16.4133","2.0","-16.4133","2.0","-16.4133","2.0","-16.4133","2.0","-16.4133","2.0","-16.4132","2.0","-16.4133","2.0","-16.4133","2.0","-16.4132","2.0","-16.4133","2.0","-16.4133","2.0","-16.4132","2.0","-16.4133","2.0","-16.4133","2.0"
"38","-16.4133","2.0","-16.4132","2.0","-16.4133","2.0","-16.4132","2.0","-16.4132","2.0","-16.4132","2.0","-16.4133","2.0","-16.4133","2.0","-16.4132","2.0","-16.4133","2.0","-16.4133","2.0","-16.4132","2.0","-16.4133","2.0","-16.4133","2.0"
"39","-16.4127","2.0","-16.4129","2.0","-16.4127","2.0","-16.4129","2.0","-16.4129","2.0","-16.4129","2.0","-16.4131","2.0","-16.413","2.0","-16.4129","2.0","-16.413","2.0","-16.413","2.0","-16.4129","2.0","-16.413","2.0","-16.413","2.0"
"40","-16.4127","2.0","-16.4129","2.0","-16.4127","2.0","-16.4129","2.0","-16.4129","2.0","-16.4129","2.0","-16.413","2.0","-16.413","2.0","-16.4129","2.0","-16.413","2.0","-16.413","2.0","-16.4129","2.0","-16.413","2.0","-16.413","2.0"
"41","-16.4035","2.0","-16.4034","2.0","-16.4033","2.0","-16.403200000000002","2.0","-16.403200000000002","2.0","-16.4035","2.0","-16.4034","2.0","-16.4034","2.0","-16.4033","2.0","-16.403200000000002","2.0","-16.403200000000002","2.0","-16.4033","2.0","-16.403200000000002","2.0","-16.403200000000002","2.0"
"42","-16.4035","2.0","-16.4034","2.0","-16.4033","2.0","-16.403200000000002","2.0","-16.403200000000002","2.0","-16.4035","2.0","-16.4034","2.0","-16.4034","2.0","-16.4033","2.0","-16.403200000000002","2.0","-16.403200000000002","2.0","-16.4033","2.0","-16.403200000000002","2.0","-16.403200000000002","2.0"
"43","-16.403000000000002","2.0","-16.403100000000002","2.0","-16.4029","2.0","-16.403000000000002","2.0","-16.403000000000002","2.0","-16.403000000000002","2.0","-16.403100000000002","2.0","-16.403100000000002","2.0","-16.4029","2.0","-16.403000000000002","2.0","-16.403000000000002","2.0","-16.4029","2.0","-16.403000000000002","2.0","-16.403000000000002","2.0"
"44","-16.403000000000002","2.0","-16.403100000000002","2.0","-16.4029","2.0","-16.403000000000002","2.0","-16.403000000000002","2.0","-16.403000000000002","2.0","-16.403100000000002","2.0","-16.403100000000002","2.0","-16.4029","2.0","-16.403000000000002","2.0","-16.403000000000002","2.0","-16.4029","2.0","-16.403000000000002","2.0","-16.403000000000002","2.0"
"45","-16.4026","2.0","-16.4025","2.0","-16.4027","2.0","-16.4027","2.0","-16.4027","2.0","-16.4026","2.0","-16.4025","2.0","-16.4025","2.0","-16.4027","2.0","-16.4027","2.0","-16.4027","2.0","-16.4027","2.0","-16.4027","2.0","-16.4027","2.0"
"46","-16.4026","2.0","-16.4025","2.0","-16.4027","2.0","-16.4027","2.0","-16.4027","2.0","-16.4026","2.0","-16.4025","2.0","-16.4025","2.0","-16.4027","2.0","-16.4027","2.0","-16.4027","2.0","-16.4027","2.0","-16.4027","2.0","-16.4027","2.0"
"47","-16.4022","2.0","-16.4023","2.0","-16.4024","2.0","-16.4025","2.0","-16.4025","2.0","-16.4022","2.0","-16.4023","2.0","-16.4023","2.0","-16.4023","2.0","-16.4025","2.0","-16.4025","2.0","-16.4023","2.0","-16.4025","2.0","-16.4025","2.0"
"48","-16.4022","2.0","-16.4023","2.0","-16.4023","2.0","-16.4025","2.0","-16.4025","2.0","-16.4022","2.0","-16.4023","2.0","-16.4023","2.0","-16.4023","2.0","-16.4025","2.0","-16.4025","2.0","-16.4023","2.0","-16.4025","2.0","-16.4025","2.0"
"49","-12.6998","2.0","-12.690199999999999","2.0","-12.6907","2.0","-12.684099999999999","2.0","-12.684099999999999","2.0","-12.6926","2.0","-12.6813","2.0","-12.6871","2.0","-12.6845","2.0","-12.6771","2.0","-12.681","2.0","-12.6845","2.0","-12.6771","2.0","-12.6809","2.0"
"50","-12.671","2.0","-12.6726","2.0","-12.6736","2.0","-12.6751","2.0","-12.6751","2.0","-12.6782","2.0","-12.6748","2.0","-12.6695","2.0","-12.6723","2.0","-12.6717","2.0","-12.6708","2.0","-12.6723","2.0","-12.6717","2.0","-12.6708","2.0"
"51","-12.6662","2.0","-12.666","2.0","-12.6662","2.0","-12.6631","2.0","-12.6631","2.0","-12.6632","2.0","-12.6708","2.0","-12.6673","2.0","-12.669599999999999","2.0","-12.6702","2.0","-12.6668","2.0","-12.669599999999999","2.0","-12.6702","2.0","-12.6668","2.0"
"52","-12.6539","2.0","-12.6573","2.0","-12.657499999999999","2.0","-12.6587","2.0","-12.6587","2.0","-12.657","2.0","-12.659699999999999","2.0","-12.6631","2.0","-12.6615","2.0","-12.6626","2.0","-12.663499999999999","2.0","-12.6615","2.0","-12.6626","2.0","-12.663499999999999","2.0"
"53","-12.5958","2.0","-12.5958","2.0","-12.5959","2.0","-12.596499999999999","2.0","-12.596499999999999","2.0","-12.5944","2.0","-12.594199999999999","2.0","-12.5953","2.0","-12.5946","2.0","-12.595699999999999","2.0","-12.596499999999999","2.0","-12.5946","2.0","-12.595699999999999","2.0","-12.596499999999999","2.0"
"54","-12.5924","2.0","-12.594199999999999","2.0","-12.5943","2.0","-12.5958","2.0","-12.5958","2.0","-12.5913","2.0","-12.5938","2.0","-12.5945","2.0","-12.5932","2.0","-12.5956","2.0","-12.5962","2.0","-12.5932","2.0","-12.5956","2.0","-12.5962","2.0"
"55","-12.5894","2.0","-12.5923","2.0","-12.5898","2.0","-12.594199999999999","2.0","-12.594199999999999","2.0","-12.591099999999999","2.0","-12.5937","2.0","-12.5922","2.0","-12.5915","2.0","-12.594899999999999","2.0","-12.593399999999999","2.0","-12.5915","2.0","-12.594899999999999","2.0","-12.5933","2.0"
"56","-12.5867","2.0","-12.5921","2.0","-12.5887","2.0","-12.594","2.0","-12.594","2.0","-12.5884","2.0","-12.5923","2.0","-12.591","2.0","-12.590399999999999","2.0","-12.594","2.0","-12.5929","2.0","-12.590399999999999","2.0","-12.594","2.0","-12.5929","2.0"
"57","-12.1955","2.0","-12.1488","2.0","-12.1641","2.0","-12.1217","2.0","-12.1217","2.0","-12.157","2.0","-12.1067","2.0","-12.1237","2.0","-12.1266","2.0","-12.0823","2.0","-12.094899999999999","2.0","-12.1266","2.0","-12.0823","2.0","-12.094899999999999","2.0"
"58","-12.024","2.0","-12.049199999999999","2.0","-12.0836","2.0","-12.0532","2.0","-12.0533","2.0","-12.0532","2.0","-12.033199999999999","2.0","-12.0167","2.0","-12.0494","2.0","-12.0258","2.0","-12.0243","2.0","-12.0494","2.0","-12.0259","2.0","-12.0243","2.0"
"59","-11.991999999999999","2.0","-11.9969","2.0","-11.9741","2.0","-12.0247","2.0","-12.0246","2.0","-11.9923","2.0","-12.0327","2.0","-12.0124","2.0","-12.0251","2.0","-12.006","2.0","-11.9927","2.0","-12.0251","2.0","-12.006","2.0","-11.992799999999999","2.0"
"60","-11.9556","2.0","-11.937199999999999","2.0","-11.9297","2.0","-11.9737","2.0","-11.9737","2.0","-11.9732","2.0","-11.9725","2.0","-11.9674","2.0","-11.960799999999999","2.0","-12.0014","2.0","-11.9912","2.0","-11.960799999999999","2.0","-12.0013","2.0","-11.9911","2.0"
"61","-11.8962","2.0","-11.934099999999999","2.0","-11.926499999999999","2.0","-11.9146","2.0","-11.9146","2.0","-11.9229","2.0","-11.947899999999999","2.0","-11.9645","2.0","-11.9546","2.0","-11.9519","2.0","-11.9581","2.0","-11.9546","2.0","-11.9519","2.0","-11.958","2.0"
"62","-11.885","2.0","-11.901399999999999","2.0","-11.889","2.0","-11.8957","2.0","-11.8957","2.0","-11.9138","2.0","-11.9098","2.0","-11.919699999999999","2.0","-11.9133","2.0","-11.950899999999999","2.0","-11.9511","2.0","-11.9133","2.0","-11.950899999999999","2.0","-11.9511","2.0"
"63","-11.8605","2.0","-11.8562","2.0","-11.8456","2.0","-11.8422","2.0","-11.8422","2.0","-11.8837","2.0","-11.8946","2.0","-11.9056","2.0","-11.8995","2.0","-11.9127","2.0","-11.9203","2.0","-11.8995","2.0","-11.9127","2.0","-11.920399999999999","2.0"
"64","-11.8439","2.0","-11.8479","2.0","-11.8355","2.0","-11.8376","2.0","-11.8376","2.0","-11.8575","2.0","-11.878","2.0","-11.8659","2.0","-11.872","2.0","-11.8924","2.0","-11.8901","2.0","-11.872","2.0","-11.8924","2.0","-11.8901","2.0"
"65","-11.8079","2.0","-11.789299999999999","2.0","-11.817499999999999","2.0","-11.7997","2.0","-11.7998","2.0","-11.7334","2.0","-11.7294","2.0","-11.7358","2.0","-11.727599999999999","2.0","-11.7279","2.0","-11.7298","2.0","-11.7277","2.0","-11.7278","2.0","-11.7298","2.0"
"66","-11.7248","2.0","-11.7445","2.0","-11.7799","2.0","-11.7752","2.0","-11.7752","2.0","-11.719199999999999","2.0","-11.7252","2.0","-11.7179","2.0","-11.7237","2.0","-11.724","2.0","-11.722199999999999","2.0","-11.7235","2.0","-11.7241","2.0","-11.7221","2.0"
"67","-11.7037","2.0","-11.697099999999999","2.0","-11.6989","2.0","-11.7171","2.0","-11.7172","2.0","-11.7088","2.0","-11.7011","2.0","-11.7106","2.0","-11.6669","2.0","-11.6637","2.0","-11.6679","2.0","-11.6669","2.0","-11.6637","2.0","-11.668","2.0"
"68","-11.6976","2.0","-11.6953","2.0","-11.6838","2.0","-11.7159","2.0","-11.7158","2.0","-11.6909","2.0","-11.6992","2.0","-11.6903","2.0","-11.6586","2.0","-11.663","2.0","-11.6589","2.0","-11.6586","2.0","-11.6631","2.0","-11.6589","2.0"
"69","-11.6762","2.0","-11.6832","2.0","-11.647","2.0","-11.644","2.0","-11.644","2.0","-11.6518","2.0","-11.6431","2.0","-11.6493","2.0","-11.6459","2.0","-11.6461","2.0","-11.6502","2.0","-11.6459","2.0","-11.645999999999999","2.0","-11.6502","2.0"
"70","-11.6511","2.0","-11.6806","2.0","-11.6342","2.0","-11.6375","2.0","-11.6375","2.0","-11.5998","2.0","-11.6261","2.0","-11.6233","2.0","-11.62","2.0","-11.637599999999999","2.0","-11.6373","2.0","-11.620099999999999","2.0","-11.6377","2.0","-11.6373","2.0"
"71","-11.4975","2.0","-11.4964","2.0","-11.5204","2.0","-11.52","2.0","-11.52","2.0","-11.544699999999999","2.0","-11.5432","2.0","-11.5411","2.0","-11.557","2.0","-11.557","2.0","-11.556","2.0","-11.557","2.0","-11.557","2.0","-11.556","2.0"
"72","-11.4886","2.0","-11.4929","2.0","-11.515","2.0","-11.5177","2.0","-11.5177","2.0","-11.5217","2.0","-11.533","2.0","-11.5335","2.0","-11.5443","2.0","-11.5518","2.0","-11.551","2.0","-11.5443","2.0","-11.5518","2.0","-11.551","2.0"
"73","-11.4881","2.0","-11.4714","2.0","-11.4252","2.0","-11.4146","2.0","-11.4148","2.0","-11.433","2.0","-11.437199999999999","2.0","-11.429599999999999","2.0","-11.4241","2.0","-11.4018","2.0","-11.4121","2.0","-11.4241","2.0","-11.4019","2.0","-11.411999999999999","2.0"
"74","-11.425699999999999","2.0","-11.4342","2.0","-11.4233","2.0","-11.4133","2.0","-11.4131","2.0","-11.4252","2.0","-11.4122","2.0","-11.421199999999999","2.0","-11.4231","2.0","-11.3981","2.0","-11.3933","2.0","-11.4231","2.0","-11.3982","2.0","-11.3935","2.0"
"75","-11.4255","2.0","-11.3902","2.0","-11.422699999999999","2.0","-11.3872","2.0","-11.3872","2.0","-11.4252","2.0","-11.406699999999999","2.0","-11.3917","2.0","-11.4216","2.0","-11.397499999999999","2.0","-11.3883","2.0","-11.4217","2.0","-11.3973","2.0","-11.3882","2.0"
"76","-11.4226","2.0","-11.374","2.0","-11.417","2.0","-11.3797","2.0","-11.3797","2.0","-11.4206","2.0","-11.3715","2.0","-11.3717","2.0","-11.4185","2.0","-11.3814","2.0","-11.379","2.0","-11.4185","2.0","-11.3813","2.0","-11.3791","2.0"
"77","-11.4141","2.0","-11.370899999999999","2.0","-11.4035","2.0","-11.3761","2.0","-11.3761","2.0","-11.4163","2.0","-11.3713","2.0","-11.3712","2.0","-11.379199999999999","2.0","-11.3749","2.0","-11.3703","2.0","-11.379199999999999","2.0","-11.375","2.0","-11.3702","2.0"
"78","-11.3174","2.0","-11.3387","2.0","-11.3072","2.0","-11.3302","2.0","-11.3303","2.0","-11.3507","2.0","-11.3584","2.0","-11.3698","2.0","-11.3308","2.0","-11.3432","2.0","-11.3525","2.0","-11.3308","2.0","-11.3432","2.0","-11.3525","2.0"
"79","-11.2713","2.0","-11.2987","2.0","-11.3066","2.0","-11.3258","2.0","-11.325899999999999","2.0","-11.269499999999999","2.0","-11.2982","2.0","-11.2975","2.0","-11.301","2.0","-11.3237","2.0","-11.3205","2.0","-11.301","2.0","-11.3238","2.0","-11.3205","2.0"
"80","-11.2661","2.0","-11.2972","2.0","-11.282","2.0","-11.31","2.0","-11.31","2.0","-11.2668","2.0","-11.2955","2.0","-11.2968","2.0","-11.2888","2.0","-11.3124","2.0","-11.3161","2.0","-11.2888","2.0","-11.3124","2.0","-11.3161","2.0"
"81","-9.0496","2.0","-9.0472","2.0","-9.0274","2.0","-9.0265","2.0","-9.0265","2.0","-9.0493","2.0","-9.0467","2.0","-9.0472","2.0","-9.0268","2.0","-9.0262","2.0","-9.0258","2.0","-9.0268","2.0","-9.0262","2.0","-9.0258","2.0"
"82","-9.0486","2.0","-9.0459","2.0","-9.0254","2.0","-9.0248","2.0","-9.0248","2.0","-9.0488","2.0","-9.0466","2.0","-9.0458","2.0","-9.0259","2.0","-9.0251","2.0","-9.0254","2.0","-9.0258","2.0","-9.025","2.0","-9.0254","2.0"
"83","-9.0401","2.0","-9.0425","2.0","-9.0234","2.0","-9.0245","2.0","-9.0245","2.0","-9.0396","2.0","-9.0424","2.0","-9.0418","2.0","-9.023","2.0","-9.024000000000001","2.0","-9.0243","2.0","-9.0231","2.0","-9.024000000000001","2.0","-9.0243","2.0"
"84","-9.038","2.0","-9.0406","2.0","-9.0225","2.0","-9.0234","2.0","-9.0234","2.0","-9.0386","2.0","-9.0408","2.0","-9.041500000000001","2.0","-9.0227","2.0","-9.0238","2.0","-9.0235","2.0","-9.0227","2.0","-9.0238","2.0","-9.0234","2.0"
"85","-8.9692","2.0","-8.9626","2.0","-8.989","2.0","-8.9877","2.0","-8.9877","2.0","-8.9682","2.0","-8.9661","2.0","-8.965300000000001","2.0","-8.9886","2.0","-8.988","2.0","-8.9885","2.0","-8.9886","2.0","-8.9881","2.0","-8.9884","2.0"
"86","-8.9647","2.0","-8.9623","2.0","-8.9885","2.0","-8.9859","2.0","-8.9859","2.0","-8.966","2.0","-8.9601","2.0","-8.9599","2.0","-8.9882","2.0","-8.9852","2.0","-8.9842","2.0","-8.9881","2.0","-8.9852","2.0","-8.9842","2.0"
"87","-8.9624","2.0","-8.961500000000001","2.0","-8.983600000000001","2.0","-8.9852","2.0","-8.9852","2.0","-8.9575","2.0","-8.956900000000001","2.0","-8.9576","2.0","-8.9815","2.0","-8.985","2.0","-8.9824","2.0","-8.9814","2.0","-8.9849","2.0","-8.9825","2.0"
"88","-8.959","2.0","-8.9598","2.0","-8.9755","2.0","-8.9792","2.0","-8.9791","2.0","-8.9543","2.0","-8.9553","2.0","-8.9544","2.0","-8.977500000000001","2.0","-8.9787","2.0","-8.9819","2.0","-8.9776","2.0","-8.9787","2.0","-8.9818","2.0"
"89","-8.9538","2.0","-8.9556","2.0","-8.95","2.0","-8.9487","2.0","-8.9487","2.0","-8.9527","2.0","-8.9549","2.0","-8.9526","2.0","-8.9478","2.0","-8.946","2.0","-8.9469","2.0","-8.9478","2.0","-8.946","2.0","-8.9468","2.0"
"90","-8.9517","2.0","-8.9511","2.0","-8.9452","2.0","-8.9463","2.0","-8.946200000000001","2.0","-8.9502","2.0","-8.9538","2.0","-8.9522","2.0","-8.9457","2.0","-8.9448","2.0","-8.9437","2.0","-8.9458","2.0","-8.9448","2.0","-8.9437","2.0"
"91","-8.9438","2.0","-8.95","2.0","-8.9451","2.0","-8.9436","2.0","-8.9436","2.0","-8.9463","2.0","-8.9495","2.0","-8.9503","2.0","-8.943","2.0","-8.944700000000001","2.0","-8.9433","2.0","-8.943","2.0","-8.944700000000001","2.0","-8.9434","2.0"
"92","-8.9414","2.0","-8.9449","2.0","-8.9379","2.0","-8.9399","2.0","-8.94","2.0","-8.9448","2.0","-8.9452","2.0","-8.9494","2.0","-8.9395","2.0","-8.9403","2.0","-8.9419","2.0","-8.939400000000001","2.0","-8.9403","2.0","-8.9419","2.0"
"93","-8.9334","2.0","-8.9332","2.0","-8.9357","2.0","-8.9354","2.0","-8.9355","2.0","-8.9153","2.0","-8.9157","2.0","-8.9163","2.0","-8.9155","2.0","-8.9156","2.0","-8.9161","2.0","-8.9155","2.0","-8.9157","2.0","-8.9162","2.0"
"94","-8.933","2.0","-8.933","2.0","-8.9351","2.0","-8.9352","2.0","-8.9351","2.0","-8.9137","2.0","-8.9135","2.0","-8.9126","2.0","-8.9147","2.0","-8.9145","2.0","-8.914200000000001","2.0","-8.9147","2.0","-8.9144","2.0","-8.9141","2.0"
"95","-8.8552","2.0","-8.8545","2.0","-8.8558","2.0","-8.8551","2.0","-8.8551","2.0","-8.8751","2.0","-8.8756","2.0","-8.8742","2.0","-8.8749","2.0","-8.8751","2.0","-8.8741","2.0","-8.8749","2.0","-8.8751","2.0","-8.8741","2.0"
"96","-8.8519","2.0","-8.8529","2.0","-8.8536","2.0","-8.854000000000001","2.0","-8.8541","2.0","-8.8722","2.0","-8.8718","2.0","-8.8733","2.0","-8.8732","2.0","-8.873","2.0","-8.873800000000001","2.0","-8.8732","2.0","-8.873","2.0","-8.873800000000001","2.0"
"97","-8.4022","2.0","-8.2804","2.0","-8.2706","2.0","-8.1523","2.0","-8.1523","2.0","-8.2838","2.0","-8.1666","2.0","-8.1636","2.0","-8.1569","2.0","-8.0455","2.0","-8.0387","2.0","-8.1569","2.0","-8.0454","2.0","-8.0388","2.0"
"98","-7.874899999999999","2.0","-8.015","2.0","-7.9815","2.0","-7.8999999999999995","2.0","-7.8999","2.0","-8.0224","2.0","-7.906899999999999","2.0","-7.912","2.0","-7.9022","2.0","-7.7957","2.0","-7.7993999999999994","2.0","-7.9022","2.0","-7.795599999999999","2.0","-7.7995","2.0"
"99","-7.8678","2.0","-7.7641","2.0","-7.7568","2.0","-7.8597","2.0","-7.8598","2.0","-7.7608","2.0","-7.903099999999999","2.0","-7.9082","2.0","-7.8746","2.0","-7.7897","2.0","-7.7977","2.0","-7.8746","2.0","-7.7896","2.0","-7.7978","2.0"
"100","-7.816999999999999","2.0","-7.7058","2.0","-7.7459","2.0","-7.651","2.0","-7.6509","2.0","-7.7120999999999995","2.0","-7.6629","2.0","-7.6559","2.0","-7.6441","2.0","-7.757899999999999","2.0","-7.7516","2.0","-7.6442","2.0","-7.7581","2.0","-7.7515","2.0"
"101","-7.3759","2.0","-7.5169999999999995","2.0","-7.487699999999999","2.0","-7.6152","2.0","-7.6152","2.0","-7.517799999999999","2.0","-7.6110999999999995","2.0","-7.5994","2.0","-7.63","2.0","-7.564699999999999","2.0","-7.560499999999999","2.0","-7.63","2.0","-7.5645999999999995","2.0","-7.560499999999999","2.0"
"102","-7.3292","2.0","-7.4554","2.0","-7.4718","2.0","-7.4262","2.0","-7.4262","2.0","-7.470199999999999","2.0","-7.3675999999999995","2.0","-7.3815","2.0","-7.4117","2.0","-7.5137","2.0","-7.525799999999999","2.0","-7.4117","2.0","-7.513599999999999","2.0","-7.525799999999999","2.0"
"103","-7.3114","2.0","-7.247999999999999","2.0","-7.279999999999999","2.0","-7.3763","2.0","-7.376399999999999","2.0","-7.2385","2.0","-7.3595","2.0","-7.3727","2.0","-7.382","2.0","-7.5116","2.0","-7.5184","2.0","-7.382","2.0","-7.5118","2.0","-7.518199999999999","2.0"
"104","-7.1783","2.0","-7.165699999999999","2.0","-7.168699999999999","2.0","-7.2039","2.0","-7.203799999999999","2.0","-7.1689","2.0","-7.2021999999999995","2.0","-7.1913","2.0","-7.2059","2.0","-7.3130999999999995","2.0","-7.2985","2.0","-7.2059","2.0","-7.3130999999999995","2.0","-7.2985","2.0"
"105","-7.1417","2.0","-7.1552","2.0","-7.1581","2.0","-7.1605","2.0","-7.1605","2.0","-7.1558","2.0","-7.156","2.0","-7.1589","2.0","-7.1586","2.0","-7.1507","2.0","-7.1533999999999995","2.0","-7.1586","2.0","-7.1507","2.0","-7.1533999999999995","2.0"
"106","-7.1395","2.0","-7.1472","2.0","-7.150799999999999","2.0","-7.1513","2.0","-7.1513","2.0","-7.1503","2.0","-7.1392","2.0","-7.137499999999999","2.0","-7.137","2.0","-7.140899999999999","2.0","-7.1423","2.0","-7.137","2.0","-7.140899999999999","2.0","-7.1423","2.0"
"107","-7.1392999999999995","2.0","-7.1224","2.0","-7.1221","2.0","-7.1213999999999995","2.0","-7.1213999999999995","2.0","-7.1158","2.0","-7.1341","2.0","-7.136","2.0","-7.1362","2.0","-7.1345","2.0","-7.1327","2.0","-7.1362","2.0","-7.1345","2.0","-7.1327","2.0"
"108","-7.060899999999999","2.0","-7.0737","2.0","-7.0713","2.0","-7.0939","2.0","-7.0939","2.0","-7.0663","2.0","-7.0958","2.0","-7.0923","2.0","-7.0918","2.0","-7.1163","2.0","-7.1167","2.0","-7.0918","2.0","-7.1163","2.0","-7.1167","2.0"
"109","-7.0557","2.0","-7.0569","2.0","-7.053599999999999","2.0","-7.0565","2.0","-7.0565","2.0","-7.0558","2.0","-7.055499999999999","2.0","-7.0538","2.0","-7.0537","2.0","-7.0557","2.0","-7.0534","2.0","-7.0537","2.0","-7.0557","2.0","-7.0534","2.0"
"110","-7.054799999999999","2.0","-7.0523","2.0","-7.0489999999999995","2.0","-7.0542","2.0","-7.0542","2.0","-7.055499999999999","2.0","-7.0495","2.0","-7.0482","2.0","-7.0523","2.0","-7.0527999999999995","2.0","-7.050599999999999","2.0","-7.0523","2.0","-7.0527999999999995","2.0","-7.050599999999999","2.0"
"111","-7.045599999999999","2.0","-7.0394","2.0","-7.0485999999999995","2.0","-7.046399999999999","2.0","-7.046399999999999","2.0","-7.0396","2.0","-7.0485","2.0","-7.045599999999999","2.0","-7.0469","2.0","-7.0496","2.0","-7.05","2.0","-7.0469","2.0","-7.0496","2.0","-7.05","2.0"
"112","-6.792","2.0","-6.919099999999999","2.0","-6.9380999999999995","2.0","-7.0149","2.0","-7.0149","2.0","-6.9228","2.0","-7.007499999999999","2.0","-7.0087","2.0","-7.019299999999999","2.0","-7.0389","2.0","-7.0405999999999995","2.0","-7.019299999999999","2.0","-7.0389","2.0","-7.0405999999999995","2.0"
"113","-4.9632","2.0","-4.9409","2.0","-4.9415","2.0","-4.9348","2.0","-4.935","2.0","-4.9581","2.0","-4.9366","2.0","-4.937","2.0","-4.9374","2.0","-4.93","2.0","-4.932","2.0","-4.9373","2.0","-4.9301","2.0","-4.9318","2.0"
"114","-4.9433","2.0","-4.925","2.0","-4.9271","2.0","-4.92","2.0","-4.9201","2.0","-4.9482","2.0","-4.929","2.0","-4.9287","2.0","-4.9303","2.0","-4.9238","2.0","-4.9232","2.0","-4.9303","2.0","-4.9239","2.0","-4.9231","2.0"
"115","-4.9154","2.0","-4.9108","2.0","-4.913","2.0","-4.919","2.0","-4.9187","2.0","-4.9067","2.0","-4.9024","2.0","-4.9043","2.0","-4.9069","2.0","-4.9161","2.0","-4.9144","2.0","-4.9069","2.0","-4.9158","2.0","-4.9147","2.0"
"116","-4.9014","2.0","-4.9004","2.0","-4.9056999999999995","2.0","-4.9073","2.0","-4.9071","2.0","-4.9006","2.0","-4.8975","2.0","-4.8934","2.0","-4.8999","2.0","-4.9069","2.0","-4.9078","2.0","-4.9","2.0","-4.9067","2.0","-4.9081","2.0"
"117","-4.8981","2.0","-4.8955","2.0","-4.8972","2.0","-4.9041","2.0","-4.9039","2.0","-4.899","2.0","-4.894","2.0","-4.8927","2.0","-4.8962","2.0","-4.9035","2.0","-4.8985","2.0","-4.8962","2.0","-4.9033","2.0","-4.8987","2.0"
"118","-4.8945","2.0","-4.8892999999999995","2.0","-4.8931","2.0","-4.8971","2.0","-4.8974","2.0","-4.8906","2.0","-4.8902","2.0","-4.8908","2.0","-4.8941","2.0","-4.8927","2.0","-4.8927","2.0","-4.894","2.0","-4.893","2.0","-4.8928","2.0"
"119","-4.8826","2.0","-4.8884","2.0","-4.8919","2.0","-4.8884","2.0","-4.8883","2.0","-4.8905","2.0","-4.8877","2.0","-4.8873","2.0","-4.893","2.0","-4.8892999999999995","2.0","-4.8892999999999995","2.0","-4.893","2.0","-4.8892","2.0","-4.889","2.0"
"120","-4.8731","2.0","-4.8824","2.0","-4.883","2.0","-4.8788","2.0","-4.8787","2.0","-4.8778","2.0","-4.8872","2.0","-4.886","2.0","-4.8838","2.0","-4.879","2.0","-4.882","2.0","-4.8838","2.0","-4.8793","2.0","-4.8817","2.0"
"121","-4.8725","2.0","-4.8786","2.0","-4.8766","2.0","-4.8764","2.0","-4.8765","2.0","-4.8725","2.0","-4.8824","2.0","-4.8853","2.0","-4.8818","2.0","-4.8754","2.0","-4.8801","2.0","-4.8818","2.0","-4.8753","2.0","-4.8801","2.0"
"122","-4.8695","2.0","-4.8719","2.0","-4.8737","2.0","-4.869","2.0","-4.8689","2.0","-4.8722","2.0","-4.8792","2.0","-4.8822","2.0","-4.8781","2.0","-4.8744","2.0","-4.8715","2.0","-4.878","2.0","-4.8743","2.0","-4.8716","2.0"
"123","-4.8671999999999995","2.0","-4.8636","2.0","-4.8586","2.0","-4.8666","2.0","-4.8667","2.0","-4.8558","2.0","-4.8589","2.0","-4.8596","2.0","-4.856","2.0","-4.8652999999999995","2.0","-4.8662","2.0","-4.856","2.0","-4.8654","2.0","-4.8661","2.0"
"124","-4.8538","2.0","-4.8612","2.0","-4.856","2.0","-4.8626","2.0","-4.8627","2.0","-4.8443","2.0","-4.856","2.0","-4.8545","2.0","-4.8544","2.0","-4.8652","2.0","-4.8643","2.0","-4.8544","2.0","-4.8652","2.0","-4.8643","2.0"
"125","-4.8462","2.0","-4.8566","2.0","-4.8542","2.0","-4.8506","2.0","-4.8506","2.0","-4.8404","2.0","-4.8498","2.0","-4.8524","2.0","-4.8486","2.0","-4.841","2.0","-4.8421","2.0","-4.8486","2.0","-4.8411","2.0","-4.8421","2.0"
"126","-4.8385","2.0","-4.8534","2.0","-4.8482","2.0","-4.8433","2.0","-4.8433","2.0","-4.8398","2.0","-4.8436","2.0","-4.8425","2.0","-4.8389","2.0","-4.8352","2.0","-4.8353","2.0","-4.8389","2.0","-4.8353","2.0","-4.8353","2.0"
"127","-4.8194","2.0","-4.8163","2.0","-4.8159","2.0","-4.8122","2.0","-4.8122","2.0","-4.8319","2.0","-4.8296","2.0","-4.8257","2.0","-4.8272","2.0","-4.8232","2.0","-4.8212","2.0","-4.8272","2.0","-4.8232","2.0","-4.8212","2.0"
"128","-4.805","2.0","-4.8091","2.0","-4.8084999999999996","2.0","-4.8081","2.0","-4.8081","2.0","-4.8158","2.0","-4.8191","2.0","-4.8203","2.0","-4.8187","2.0","-4.8173","2.0","-4.8174","2.0","-4.8187","2.0","-4.8173","2.0","-4.8173","2.0"
"129","-3.4747000000000003","2.0","-3.4576000000000002","2.0","-3.4522000000000004","2.0","-3.4622","2.0","-3.4623","2.0","-3.4189999999999996","2.0","-3.3848000000000003","2.0","-3.3845","2.0","-3.2832999999999997","2.0","-3.1566","2.0","-3.2283","2.0","-3.2832","2.0","-3.1566","2.0","-3.2279999999999998","2.0"
"130","-3.4505999999999997","2.0","-3.4176","2.0","-3.4002999999999997","2.0","-3.4241","2.0","-3.4241","2.0","-3.3594999999999997","2.0","-3.3293","2.0","-3.3293","2.0","-3.2046","2.0","-3.1314","2.0","-3.1391","2.0","-3.2047","2.0","-3.1313","2.0","-3.1391","2.0"
"131","-3.3741000000000003","2.0","-3.4036999999999997","2.0","-3.3765","2.0","-3.3941","2.0","-3.3939000000000004","2.0","-3.3044000000000002","2.0","-3.3147","2.0","-3.3156999999999996","2.0","-3.1957","2.0","-3.0191","2.0","-3.0917","2.0","-3.1958","2.0","-3.0194","2.0","-3.0917","2.0"
"132","-3.3625","2.0","-3.3823999999999996","2.0","-3.3327","2.0","-3.3589","2.0","-3.359","2.0","-3.2849","2.0","-3.267","2.0","-3.2671","2.0","-3.1323","2.0","-3.0171","2.0","-3.0137","2.0","-3.1323","2.0","-3.0171","2.0","-3.0139","2.0"
"133","-3.3273","2.0","-3.314","2.0","-3.2865","2.0","-3.0610999999999997","2.0","-3.0613","2.0","-3.2398","2.0","-3.0698","2.0","-3.2157","2.0","-3.1163999999999996","2.0","-3.0144","2.0","-3.0130999999999997","2.0","-3.1163999999999996","2.0","-3.0143","2.0","-3.013","2.0"
"134","-3.2880000000000003","2.0","-3.3122","2.0","-3.1826","2.0","-2.9691","2.0","-2.9694000000000003","2.0","-3.1974","2.0","-3.0347999999999997","2.0","-3.0755","2.0","-3.0759999999999996","2.0","-2.9393000000000002","2.0","-2.9676","2.0","-3.0759999999999996","2.0","-2.9395","2.0","-2.9675000000000002","2.0"
"135","-3.2862999999999998","2.0","-3.2996","2.0","-3.166","2.0","-2.9347","2.0","-2.9345999999999997","2.0","-3.1313","2.0","-2.9642999999999997","2.0","-3.0004999999999997","2.0","-2.9709","2.0","-2.9133","2.0","-2.9077","2.0","-2.9707999999999997","2.0","-2.9133","2.0","-2.9078","2.0"
"136","-3.2422","2.0","-3.2417","2.0","-3.0796","2.0","-2.8626","2.0","-2.8626","2.0","-3.056","2.0","-2.9615","2.0","-2.9264","2.0","-2.9615","2.0","-2.8605","2.0","-2.8253","2.0","-2.9614000000000003","2.0","-2.8607","2.0","-2.8255","2.0"
"137","-3.2161999999999997","2.0","-2.8784","2.0","-2.9568","2.0","-2.8029","2.0","-2.8029","2.0","-2.9966","2.0","-2.9009","2.0","-2.8219","2.0","-2.9341","2.0","-2.8089","2.0","-2.7588999999999997","2.0","-2.9341999999999997","2.0","-2.8087999999999997","2.0","-2.7588999999999997","2.0"
"138","-3.1494","2.0","-2.7904","2.0","-2.8766","2.0","-2.7645999999999997","2.0","-2.7641999999999998","2.0","-2.9878","2.0","-2.8752","2.0","-2.7047999999999996","2.0","-2.8556","2.0","-2.7958","2.0","-2.7252","2.0","-2.8556","2.0","-2.7954","2.0","-2.7255000000000003","2.0"
"139","-3.1182","2.0","-2.7335000000000003","2.0","-2.873","2.0","-2.7229","2.0","-2.7229","2.0","-2.9146","2.0","-2.7507","2.0","-2.6986999999999997","2.0","-2.8305","2.0","-2.7808","2.0","-2.6721","2.0","-2.8308","2.0","-2.7808","2.0","-2.6722","2.0"
"140","-3.0216","2.0","-2.6642","2.0","-2.8091999999999997","2.0","-2.6881","2.0","-2.6878","2.0","-2.9063","2.0","-2.7229","2.0","-2.588","2.0","-2.784","2.0","-2.7412","2.0","-2.6157","2.0","-2.7842000000000002","2.0","-2.7409","2.0","-2.6159999999999997","2.0"
"141","-2.4199","2.0","-2.3945999999999996","2.0","-2.3189","2.0","-2.3068999999999997","2.0","-2.3068","2.0","-2.3415999999999997","2.0","-2.3166","2.0","-2.3884999999999996","2.0","-2.292","2.0","-2.3129","2.0","-2.3594999999999997","2.0","-2.292","2.0","-2.3129999999999997","2.0","-2.3594999999999997","2.0"
"142","-2.3245","2.0","-2.3481","2.0","-2.2717","2.0","-2.2809999999999997","2.0","-2.2811","2.0","-2.2761","2.0","-2.3004","2.0","-2.3292","2.0","-2.2894","2.0","-2.2661","2.0","-2.3493","2.0","-2.2894","2.0","-2.2662","2.0","-2.3491","2.0"
"143","-2.1708","2.0","-2.2009","2.0","-2.2464","2.0","-2.2769","2.0","-2.2769","2.0","-2.1997999999999998","2.0","-2.2122","2.0","-2.2712","2.0","-2.2397","2.0","-2.2408","2.0","-2.2712","2.0","-2.2397","2.0","-2.2407","2.0","-2.2710999999999997","2.0"
"144","-2.0197","2.0","-2.1441","2.0","-2.1818999999999997","2.0","-2.2191","2.0","-2.2193","2.0","-2.1897","2.0","-2.1654999999999998","2.0","-2.2229","2.0","-2.2324","2.0","-2.2338","2.0","-2.2620999999999998","2.0","-2.2324","2.0","-2.2338","2.0","-2.2619","2.0"
"145","-2.0088","2.0","-2.03","2.0","-2.1353","2.0","-2.1374","2.0","-2.1376","2.0","-2.1267","2.0","-2.1418","2.0","-2.1948","2.0","-2.2104","2.0","-2.2188","2.0","-2.2321","2.0","-2.2104","2.0","-2.2189","2.0","-2.2321","2.0"
"146","-1.9992999999999999","2.0","-2.0053","2.0","-2.0811","2.0","-2.1239999999999997","2.0","-2.1239999999999997","2.0","-2.1094","2.0","-2.1383","2.0","-2.1925","2.0","-2.1898999999999997","2.0","-2.2144","2.0","-2.2163","2.0","-2.1898","2.0","-2.2146","2.0","-2.2161","2.0"
"147","-1.9821","2.0","-1.9998999999999998","2.0","-2.0479","2.0","-2.1041","2.0","-2.1042","2.0","-2.0859","2.0","-2.1258","2.0","-2.1302","2.0","-2.1614","2.0","-2.1634","2.0","-2.1924","2.0","-2.1612999999999998","2.0","-2.1633","2.0","-2.1924","2.0"
"148","-1.9525","2.0","-1.9836","2.0","-2.0383","2.0","-2.045","2.0","-2.0448","2.0","-2.0579","2.0","-2.1094","2.0","-2.1046","2.0","-2.1404","2.0","-2.1427","2.0","-2.1449","2.0","-2.1402","2.0","-2.1425","2.0","-2.1448","2.0"
"149","-1.9097","2.0","-1.9562","2.0","-1.9948","2.0","-2.0431999999999997","2.0","-2.0431999999999997","2.0","-2.0314","2.0","-2.0994","2.0","-2.0753","2.0","-2.0679","2.0","-2.1144","2.0","-2.1449","2.0","-2.0679","2.0","-2.1144","2.0","-2.1447","2.0"
"150","-1.8188","2.0","-1.9018","2.0","-1.975","2.0","-2.028","2.0","-2.0279","2.0","-2.0027999999999997","2.0","-2.0071","2.0","-2.045","2.0","-2.0376","2.0","-2.1029999999999998","2.0","-2.0598","2.0","-2.0375","2.0","-2.1031","2.0","-2.0599","2.0"
"151","-1.7795999999999998","2.0","-1.8895","2.0","-1.9339","2.0","-1.978","2.0","-1.9783","2.0","-1.9821","2.0","-1.9777999999999998","2.0","-2.0322","2.0","-1.9935","2.0","-2.0655","2.0","-2.0575","2.0","-1.9935","2.0","-2.0654","2.0","-2.0578","2.0"
"152","-1.7233","2.0","-1.8716","2.0","-1.9236","2.0","-1.9401","2.0","-1.9402","2.0","-1.9685","2.0","-1.9483","2.0","-1.9245","2.0","-1.9758","2.0","-2.0562","2.0","-2.0511999999999997","2.0","-1.9756999999999998","2.0","-2.0561","2.0","-2.0511999999999997","2.0"
"153","-1.6965","2.0","-1.818","2.0","-1.8271","2.0","-1.9136","2.0","-1.9137","2.0","-1.9405999999999999","2.0","-1.9316","2.0","-1.8902","2.0","-1.8612","2.0","-1.8422999999999998","2.0","-1.8761999999999999","2.0","-1.8613","2.0","-1.8424","2.0","-1.8763","2.0"
"154","-1.6657","2.0","-1.7570999999999999","2.0","-1.6799","2.0","-1.8662","2.0","-1.8659","2.0","-1.8144","2.0","-1.8657","2.0","-1.8744999999999998","2.0","-1.7778","2.0","-1.8026","2.0","-1.8439999999999999","2.0","-1.7778999999999998","2.0","-1.8024","2.0","-1.8439999999999999","2.0"
"155","-1.6608","2.0","-1.7393","2.0","-1.6730999999999998","2.0","-1.8345","2.0","-1.8346","2.0","-1.6533","2.0","-1.7871","2.0","-1.7774999999999999","2.0","-1.7529","2.0","-1.7942","2.0","-1.8108","2.0","-1.7528","2.0","-1.794","2.0","-1.8107","2.0"
"156","-1.5776999999999999","2.0","-1.7329999999999999","2.0","-1.6416","2.0","-1.7531999999999999","2.0","-1.753","2.0","-1.6140999999999999","2.0","-1.7151","2.0","-1.7677999999999998","2.0","-1.7294999999999998","2.0","-1.7679","2.0","-1.7722","2.0","-1.7294999999999998","2.0","-1.7677999999999998","2.0","-1.7724","2.0"
"157","-1.5674","2.0","-1.7237","2.0","-1.621","2.0","-1.7208999999999999","2.0","-1.7207","2.0","-1.6063","2.0","-1.6987999999999999","2.0","-1.7104","2.0","-1.7287","2.0","-1.7595999999999998","2.0","-1.7721","2.0","-1.7287","2.0","-1.7595999999999998","2.0","-1.7719","2.0"
"158","-1.5586","2.0","-1.6839","2.0","-1.5868","2.0","-1.6627","2.0","-1.6629","2.0","-1.5842999999999998","2.0","-1.6913","2.0","-1.6617","2.0","-1.6779","2.0","-1.7151999999999998","2.0","-1.7446","2.0","-1.6779","2.0","-1.7153","2.0","-1.7445","2.0"
"159","-1.5281","2.0","-1.6709999999999998","2.0","-1.5614","2.0","-1.5492","2.0","-1.5492","2.0","-1.54","2.0","-1.6225999999999998","2.0","-1.6167","2.0","-1.6552","2.0","-1.6553","2.0","-1.692","2.0","-1.6552","2.0","-1.6554","2.0","-1.6921","2.0"
"160","-1.486","2.0","-1.6058999999999999","2.0","-1.5433","2.0","-1.5474999999999999","2.0","-1.5474999999999999","2.0","-1.5166","2.0","-1.6180999999999999","2.0","-1.5844","2.0","-1.6297","2.0","-1.6398","2.0","-1.6442999999999999","2.0","-1.6298","2.0","-1.6399","2.0","-1.6441999999999999","2.0"
"161","-1.4622","2.0","-1.5309","2.0","-1.4938","2.0","-1.5459","2.0","-1.5461","2.0","-1.5051999999999999","2.0","-1.5655999999999999","2.0","-1.5676999999999999","2.0","-1.6140999999999999","2.0","-1.6339","2.0","-1.6362999999999999","2.0","-1.6140999999999999","2.0","-1.634","2.0","-1.6362999999999999","2.0"
"162","-1.4488999999999999","2.0","-1.5004","2.0","-1.4582","2.0","-1.4954","2.0","-1.4956","2.0","-1.4835","2.0","-1.5271","2.0","-1.5464","2.0","-1.603","2.0","-1.6089","2.0","-1.5898999999999999","2.0","-1.6031","2.0","-1.6089","2.0","-1.5896","2.0"
"163","-1.4266999999999999","2.0","-1.4552","2.0","-1.4362","2.0","-1.4824","2.0","-1.4823","2.0","-1.438","2.0","-1.5271","2.0","-1.5184","2.0","-1.6016","2.0","-1.5874","2.0","-1.5706","2.0","-1.6017","2.0","-1.5875","2.0","-1.5706","2.0"
"164","-1.4247999999999998","2.0","-1.419","2.0","-1.4291","2.0","-1.4699","2.0","-1.4697","2.0","-1.4193","2.0","-1.5132999999999999","2.0","-1.4845","2.0","-1.5503","2.0","-1.5781","2.0","-1.5502","2.0","-1.5503","2.0","-1.5781999999999998","2.0","-1.5501","2.0"
"165","-1.3651","2.0","-1.4","2.0","-1.3881","2.0","-1.4247999999999998","2.0","-1.425","2.0","-1.394","2.0","-1.4810999999999999","2.0","-1.4836","2.0","-1.5178","2.0","-1.5664","2.0","-1.5371","2.0","-1.5177","2.0","-1.5667","2.0","-1.537","2.0"
"166","-1.3584","2.0","-1.3662999999999998","2.0","-1.369","2.0","-1.4081","2.0","-1.4081","2.0","-1.3839","2.0","-1.4729999999999999","2.0","-1.43","2.0","-1.4554","2.0","-1.548","2.0","-1.5003","2.0","-1.4554","2.0","-1.5481","2.0","-1.5003","2.0"
"167","-1.3549","2.0","-1.3573","2.0","-1.3389","2.0","-1.3908","2.0","-1.3908","2.0","-1.3739999999999999","2.0","-1.4183999999999999","2.0","-1.3933","2.0","-1.3927","2.0","-1.4579","2.0","-1.4619","2.0","-1.3928","2.0","-1.4579","2.0","-1.4618","2.0"
"168","-1.3538","2.0","-1.3428","2.0","-1.3266","2.0","-1.3820999999999999","2.0","-1.382","2.0","-1.3731","2.0","-1.3853","2.0","-1.3697","2.0","-1.377","2.0","-1.4405","2.0","-1.4379","2.0","-1.3771","2.0","-1.4405","2.0","-1.438","2.0"
"169","-1.3233","2.0","-1.3405","2.0","-1.3195","2.0","-1.3457999999999999","2.0","-1.3458999999999999","2.0","-1.3518999999999999","2.0","-1.3712","2.0","-1.3657","2.0","-1.3205","2.0","-1.3634","2.0","-1.3556","2.0","-1.3205","2.0","-1.3633","2.0","-1.3556","2.0"
"170","-1.3157999999999999","2.0","-1.2431999999999999","2.0","-1.3007","2.0","-1.3005","2.0","-1.3005","2.0","-1.2764","2.0","-1.3437","2.0","-1.3506","2.0","-1.2609","2.0","-1.3091","2.0","-1.3518999999999999","2.0","-1.2609","2.0","-1.3092","2.0","-1.3519999999999999","2.0"
"171","-1.3067","2.0","-1.2042","2.0","-1.2914999999999999","2.0","-1.2814999999999999","2.0","-1.2815999999999999","2.0","-1.2553999999999998","2.0","-1.2824","2.0","-1.2872999999999999","2.0","-1.2405","2.0","-1.3074999999999999","2.0","-1.3157999999999999","2.0","-1.2405","2.0","-1.3074999999999999","2.0","-1.3158999999999998","2.0"
"172","-1.2155","2.0","-1.1983","2.0","-1.2357","2.0","-1.2648","2.0","-1.2645","2.0","-1.2399","2.0","-1.2723","2.0","-1.2732999999999999","2.0","-1.2376","2.0","-1.2695999999999998","2.0","-1.2656","2.0","-1.2375","2.0","-1.2692999999999999","2.0","-1.2653999999999999","2.0"
"173","-1.1954","2.0","-1.1949999999999998","2.0","-1.2299","2.0","-1.2613999999999999","2.0","-1.2614999999999998","2.0","-1.2338","2.0","-1.2391999999999999","2.0","-1.2326","2.0","-1.178","2.0","-1.2654999999999998","2.0","-1.2567","2.0","-1.1778","2.0","-1.2651","2.0","-1.257","2.0"
"174","-1.193","2.0","-1.173","2.0","-1.2066","2.0","-1.2505","2.0","-1.25","2.0","-1.2259","2.0","-1.1864999999999999","2.0","-1.1979","2.0","-1.1723999999999999","2.0","-1.2643","2.0","-1.2559","2.0","-1.1723999999999999","2.0","-1.2645","2.0","-1.2558","2.0"
"175","-1.1894","2.0","-1.1259","2.0","-1.2028999999999999","2.0","-1.1866999999999999","2.0","-1.1867999999999999","2.0","-1.2157","2.0","-1.1854","2.0","-1.1904","2.0","-1.1593","2.0","-1.2544","2.0","-1.2523","2.0","-1.1594","2.0","-1.2546","2.0","-1.2527","2.0"
"176","-1.1773","2.0","-1.1255","2.0","-1.1935","2.0","-1.1703","2.0","-1.1701","2.0","-1.1734","2.0","-1.1259","2.0","-1.1201999999999999","2.0","-1.1536","2.0","-1.2071999999999998","2.0","-1.1885999999999999","2.0","-1.1535","2.0","-1.2071999999999998","2.0","-1.1885","2.0"
"177","-1.1585999999999999","2.0","-1.1137","2.0","-1.1633","2.0","-1.1542999999999999","2.0","-1.1542","2.0","-1.1542999999999999","2.0","-1.1086","2.0","-1.1152","2.0","-1.1408","2.0","-1.1494","2.0","-1.1752","2.0","-1.1408","2.0","-1.1492","2.0","-1.1749999999999998","2.0"
"178","-1.1321999999999999","2.0","-1.0907","2.0","-1.1598","2.0","-1.143","2.0","-1.1428","2.0","-1.1320999999999999","2.0","-1.0997999999999999","2.0","-1.1063999999999998","2.0","-1.1399","2.0","-1.1353","2.0","-1.126","2.0","-1.1399","2.0","-1.1351","2.0","-1.126","2.0"
"179","-1.1256","2.0","-1.0873","2.0","-1.1467999999999998","2.0","-1.1349","2.0","-1.135","2.0","-1.0933","2.0","-1.0815","2.0","-1.0941999999999998","2.0","-1.0863999999999998","2.0","-1.1292","2.0","-1.1117","2.0","-1.0865","2.0","-1.1292","2.0","-1.1118999999999999","2.0"
"180","-1.1237","2.0","-1.0838999999999999","2.0","-1.1441999999999999","2.0","-1.1244999999999998","2.0","-1.1247","2.0","-1.0880999999999998","2.0","-1.055","2.0","-1.0534999999999999","2.0","-1.0796","2.0","-1.1029","2.0","-1.0756","2.0","-1.0796","2.0","-1.1028","2.0","-1.0756","2.0"
"181","-1.1098999999999999","2.0","-1.0675999999999999","2.0","-1.0896","2.0","-1.0589","2.0","-1.0589","2.0","-1.0474999999999999","2.0","-1.0008","2.0","-1.0135999999999998","2.0","-1.079","2.0","-1.0640999999999998","2.0","-1.0671","2.0","-1.079","2.0","-1.0640999999999998","2.0","-1.0671","2.0"
"182","-1.0877","2.0","-1.0026","2.0","-1.0682","2.0","-1.0572","2.0","-1.0571","2.0","-1.0189","2.0","-0.9970999999999999","2.0","-1.0085","2.0","-1.041","2.0","-1.0574999999999999","2.0","-1.0428","2.0","-1.0411","2.0","-1.0575999999999999","2.0","-1.0428","2.0"
"183","-0.9905999999999999","2.0","-0.9701","2.0","-1.0161","2.0","-0.9651","2.0","-0.965","2.0","-1.0055","2.0","-0.996","2.0","-0.9954999999999999","2.0","-1.0302","2.0","-0.9849999999999999","2.0","-0.9955999999999999","2.0","-1.0302","2.0","-0.9848999999999999","2.0","-0.9955999999999999","2.0"
"184","-0.9798","2.0","-0.9638","2.0","-0.9764999999999999","2.0","-0.9362999999999999","2.0","-0.9368","2.0","-0.9803","2.0","-0.9955999999999999","2.0","-0.9423999999999999","2.0","-0.9903","2.0","-0.9678","2.0","-0.9582999999999999","2.0","-0.9902","2.0","-0.9679","2.0","-0.9579","2.0"
"185","-0.9399","2.0","-0.9405999999999999","2.0","-0.9719","2.0","-0.9346999999999999","2.0","-0.9345999999999999","2.0","-0.9593999999999999","2.0","-0.9161999999999999","2.0","-0.9337","2.0","-0.9578","2.0","-0.8877999999999999","2.0","-0.9058999999999999","2.0","-0.9578","2.0","-0.8877999999999999","2.0","-0.9059999999999999","2.0"
"186","-0.9374","2.0","-0.9329999999999999","2.0","-0.9542999999999999","2.0","-0.9317","2.0","-0.9320999999999999","2.0","-0.958","2.0","-0.9027","2.0","-0.8896999999999999","2.0","-0.9480999999999999","2.0","-0.887","2.0","-0.8957999999999999","2.0","-0.9481999999999999","2.0","-0.8875","2.0","-0.8956","2.0"
"187","-0.9189999999999999","2.0","-0.9173","2.0","-0.9491999999999999","2.0","-0.9082999999999999","2.0","-0.9081999999999999","2.0","-0.8996","2.0","-0.8912","2.0","-0.8876999999999999","2.0","-0.9200999999999999","2.0","-0.8864","2.0","-0.8773","2.0","-0.9199999999999999","2.0","-0.8861999999999999","2.0","-0.8772","2.0"
"188","-0.8986","2.0","-0.9109999999999999","2.0","-0.8894","2.0","-0.8945","2.0","-0.8946999999999999","2.0","-0.8906","2.0","-0.8886999999999999","2.0","-0.8855999999999999","2.0","-0.8821999999999999","2.0","-0.8574999999999999","2.0","-0.8603","2.0","-0.8824","2.0","-0.8567999999999999","2.0","-0.8609","2.0"
"189","-0.8859999999999999","2.0","-0.9077999999999999","2.0","-0.8856999999999999","2.0","-0.8824","2.0","-0.8819999999999999","2.0","-0.8728","2.0","-0.848","2.0","-0.8716999999999999","2.0","-0.8797999999999999","2.0","-0.8389","2.0","-0.8543999999999999","2.0","-0.8797999999999999","2.0","-0.839","2.0","-0.8546999999999999","2.0"
"190","-0.7616999999999999","2.0","-0.8614999999999999","2.0","-0.8743","2.0","-0.8342999999999999","2.0","-0.8339","2.0","-0.869","2.0","-0.8422999999999999","2.0","-0.8582","2.0","-0.8642","2.0","-0.8366999999999999","2.0","-0.8329","2.0","-0.8643","2.0","-0.8371","2.0","-0.8327","2.0"
"191","-0.7249","2.0","-0.8198","2.0","-0.7936","2.0","-0.8095","2.0","-0.8089999999999999","2.0","-0.7158","2.0","-0.8060999999999999","2.0","-0.8127","2.0","-0.8233999999999999","2.0","-0.8092999999999999","2.0","-0.8323999999999999","2.0","-0.8233999999999999","2.0","-0.8090999999999999","2.0","-0.8325999999999999","2.0"
"192","-0.6303","2.0","-0.7665","2.0","-0.7067","2.0","-0.7990999999999999","2.0","-0.7989999999999999","2.0","-0.6956","2.0","-0.7990999999999999","2.0","-0.7950999999999999","2.0","-0.7693","2.0","-0.8026","2.0","-0.8053999999999999","2.0","-0.7692","2.0","-0.8021999999999999","2.0","-0.8057","2.0"
"193","-0.6151","2.0","-0.703","2.0","-0.6608999999999999","2.0","-0.7892999999999999","2.0","-0.7896","2.0","-0.6739999999999999","2.0","-0.7126999999999999","2.0","-0.7682","2.0","-0.7644","2.0","-0.7976","2.0","-0.7872999999999999","2.0","-0.7643","2.0","-0.7975","2.0","-0.7869999999999999","2.0"
"194","-0.6092","2.0","-0.6988","2.0","-0.6056999999999999","2.0","-0.7857999999999999","2.0","-0.7860999999999999","2.0","-0.6204","2.0","-0.7064999999999999","2.0","-0.7032999999999999","2.0","-0.7017","2.0","-0.7894","2.0","-0.7837","2.0","-0.7017","2.0","-0.7892999999999999","2.0","-0.7835","2.0"
"195","-0.5933999999999999","2.0","-0.6839","2.0","-0.5995999999999999","2.0","-0.7453","2.0","-0.7455999999999999","2.0","-0.6168999999999999","2.0","-0.7037","2.0","-0.6929","2.0","-0.6688","2.0","-0.7487999999999999","2.0","-0.7737999999999999","2.0","-0.6688","2.0","-0.7492","2.0","-0.7740999999999999","2.0"
"196","-0.5788","2.0","-0.6352","2.0","-0.589","2.0","-0.6998","2.0","-0.7002999999999999","2.0","-0.6155999999999999","2.0","-0.6878","2.0","-0.6510999999999999","2.0","-0.6569999999999999","2.0","-0.7353","2.0","-0.7198","2.0","-0.6569999999999999","2.0","-0.7352","2.0","-0.7198","2.0"
"197","-0.45999999999999996","2.0","-0.5047999999999999","2.0","-0.5779","2.0","-0.6315","2.0","-0.6314","2.0","-0.5995999999999999","2.0","-0.6516","2.0","-0.6372","2.0","-0.587","2.0","-0.724","2.0","-0.7125999999999999","2.0","-0.5869","2.0","-0.7242","2.0","-0.7122999999999999","2.0"
"198","-0.4337","2.0","-0.49729999999999996","2.0","-0.46429999999999993","2.0","-0.5690999999999999","2.0","-0.5690999999999999","2.0","-0.5428999999999999","2.0","-0.5603999999999999","2.0","-0.5908","2.0","-0.5174","2.0","-0.7028","2.0","-0.6791999999999999","2.0","-0.5175","2.0","-0.7031","2.0","-0.6787","2.0"
"199","-0.23919999999999986","2.0","-0.4212999999999999","2.0","-0.3953","2.0","-0.4794999999999999","2.0","-0.47939999999999994","2.0","-0.22619999999999996","2.0","-0.5003","2.0","-0.5286","2.0","-0.4545999999999999","2.0","-0.6467999999999999","2.0","-0.6377999999999999","2.0","-0.4545999999999999","2.0","-0.6466999999999999","2.0","-0.6378999999999999","2.0"
"200","-0.031099999999999905","2.0","-0.2562","2.0","-0.25570000000000004","2.0","-0.4194","2.0","-0.4196","2.0","-0.15999999999999992","2.0","-0.4704999999999999","2.0","-0.37849999999999995","2.0","-0.39249999999999996","2.0","-0.6225999999999999","2.0","-0.6027999999999999","2.0","-0.39249999999999996","2.0","-0.623","2.0","-0.6026999999999999","2.0"
"201","1.5866","0.0","1.6194","0.0","1.6570000000000003","0.0","1.6336000000000002","0.0","1.6336000000000002","0.0","1.7708000000000002","0.0","1.8648","0.0","1.8699000000000001","0.0","1.8512000000000002","0.0","2.4172000000000002","0.0","2.2525000000000004","0.0","1.8512000000000002","0.0","2.4173999999999998","0.0","2.2522","0.0"
"202","1.6605","0.0","1.7626000000000002","0.0","1.7931000000000001","0.0","1.8175000000000001","0.0","1.8175000000000001","0.0","1.8276999999999999","0.0","2.0540000000000003","0.0","2.0498000000000003","0.0","2.0633999999999997","0.0","2.5576999999999996","0.0","2.4511000000000003","0.0","2.0633999999999997","0.0","2.5574000000000003","0.0","2.4512","0.0"
"203","1.8336","0.0","1.8286","0.0","1.856","0.0","1.8477","0.0","1.8477","0.0","1.9791999999999998","0.0","2.0686","0.0","2.0631000000000004","0.0","2.0757000000000003","0.0","2.684","0.0","2.5924000000000005","0.0","2.0757000000000003","0.0","2.6844","0.0","2.5924000000000005","0.0"
"204","1.9288","0.0","1.9227","0.0","1.9305","0.0","2.0115","0.0","2.0115","0.0","2.0593000000000004","0.0","2.2312000000000003","0.0","2.2373000000000003","0.0","2.2679","0.0","2.6848","0.0","2.6911000000000005","0.0","2.2679","0.0","2.6849","0.0","2.6907000000000005","0.0"
"205","1.9498","0.0","1.9596000000000002","0.0","2.0212000000000003","0.0","2.5496999999999996","0.0","2.5499","0.0","2.1149000000000004","0.0","2.5511999999999997","0.0","2.2689000000000004","0.0","2.4852999999999996","0.0","2.6872000000000007","0.0","2.7226","0.0","2.4852999999999996","0.0","2.6873000000000005","0.0","2.7228000000000003","0.0"
"206","2.0330000000000004","0.0","2.0965","0.0","2.1014","0.0","2.7828","0.0","2.7831","0.0","2.1908000000000003","0.0","2.6306000000000003","0.0","2.5402000000000005","0.0","2.6621000000000006","0.0","2.7869","0.0","2.8310000000000004","0.0","2.662","0.0","2.7869","0.0","2.8309000000000006","0.0"
"207","2.0763","0.0","2.1584000000000003","0.0","2.1792","0.0","2.8286000000000007","0.0","2.8285","0.0","2.2925000000000004","0.0","2.7542","0.0","2.6788","0.0","2.74","0.0","2.9139","0.0","2.9495000000000005","0.0","2.7401","0.0","2.9139","0.0","2.9497","0.0"
"208","2.1450000000000005","0.0","2.3196000000000003","0.0","2.3619000000000003","0.0","2.9044","0.0","2.9043","0.0","2.3842999999999996","0.0","2.777","0.0","2.8654","0.0","2.8464","0.0","2.9329","0.0","2.981","0.0","2.8464","0.0","2.9328000000000003","0.0","2.981","0.0"
"209","2.1642","0.0","2.7275","0.0","2.708","0.0","2.9442000000000004","0.0","2.944","0.0","2.5915","0.0","2.7941000000000003","0.0","2.9060000000000006","0.0","2.8513","0.0","2.9861000000000004","0.0","3.0298000000000007","0.0","2.8514","0.0","2.9861000000000004","0.0","3.0299000000000005","0.0"
"210","2.1809000000000003","0.0","2.9346000000000005","0.0","2.9239000000000006","0.0","3.0301","0.0","3.0300000000000002","0.0","2.7468000000000004","0.0","2.8602","0.0","3.0473","0.0","2.9168000000000003","0.0","3.0021000000000004","0.0","3.0716","0.0","2.9167000000000005","0.0","3.0020000000000007","0.0","3.0718000000000005","0.0"
"211","2.375","0.0","3.0024000000000006","0.0","2.9378","0.0","3.1097","0.0","3.1095000000000006","0.0","2.8293","0.0","3.0140000000000002","0.0","3.0989000000000004","0.0","3.0577000000000005","0.0","3.0179","0.0","3.1832000000000003","0.0","3.0578000000000003","0.0","3.0178000000000003","0.0","3.1831000000000005","0.0"
"212","2.4730999999999996","0.0","3.1736000000000004","0.0","3.1400000000000006","0.0","3.1443000000000003","0.0","3.144","0.0","2.9674000000000005","0.0","3.0544000000000002","0.0","3.311","0.0","3.0724","0.0","3.0289","0.0","3.2026000000000003","0.0","3.0724","0.0","3.0287000000000006","0.0","3.2026000000000003","0.0"
"213","3.6689000000000007","0.0","3.7673000000000005","0.0","3.8848000000000003","0.0","3.8982","0.0","3.8984000000000005","0.0","3.8397000000000006","0.0","3.7947000000000006","0.0","3.8032000000000004","0.0","3.9044","0.0","3.8684000000000003","0.0","3.8273","0.0","3.9044","0.0","3.8685","0.0","3.8275000000000006","0.0"
"214","3.9371","0.0","3.9691","0.0","3.9739000000000004","0.0","3.9719000000000007","0.0","3.9717000000000002","0.0","4.019900000000001","0.0","3.9213000000000005","0.0","3.9461000000000004","0.0","3.9807000000000006","0.0","3.8974","0.0","3.8506","0.0","3.9807000000000006","0.0","3.8974","0.0","3.8502","0.0"
"215","4.4092","0.0","4.045","0.0","4.0423","0.0","3.9958","0.0","3.9959000000000007","0.0","4.0635","0.0","4.146100000000001","0.0","4.0116000000000005","0.0","4.042400000000001","0.0","3.9944000000000006","0.0","3.9386","0.0","4.0425","0.0","3.9942","0.0","3.9385000000000003","0.0"
"216","4.414000000000001","0.0","4.078200000000001","0.0","4.199","0.0","4.0388","0.0","4.0388","0.0","4.0791","0.0","4.1479","0.0","4.0231","0.0","4.0639","0.0","4.028700000000001","0.0","3.9597000000000007","0.0","4.0638000000000005","0.0","4.0289","0.0","3.9597000000000007","0.0"
"217","4.4683","0.0","4.2325","0.0","4.2624","0.0","4.1211","0.0","4.120900000000001","0.0","4.2272","0.0","4.1938","0.0","4.0318000000000005","0.0","4.1128","0.0","4.0411","0.0","4.0257000000000005","0.0","4.1128","0.0","4.0411","0.0","4.0259","0.0"
"218","4.5244","0.0","4.3714","0.0","4.2945","0.0","4.1436","0.0","4.1442000000000005","0.0","4.2652","0.0","4.2192","0.0","4.0501000000000005","0.0","4.1646","0.0","4.0553","0.0","4.054200000000001","0.0","4.1645","0.0","4.0553","0.0","4.054200000000001","0.0"
"219","4.5254","0.0","4.474","0.0","4.4306","0.0","4.1688","0.0","4.168900000000001","0.0","4.327500000000001","0.0","4.2527","0.0","4.123","0.0","4.1974","0.0","4.193300000000001","0.0","4.1058","0.0","4.1973","0.0","4.1934000000000005","0.0","4.1058","0.0"
"220","4.5859000000000005","0.0","4.4896","0.0","4.532500000000001","0.0","4.357600000000001","0.0","4.3578","0.0","4.522","0.0","4.323","0.0","4.2628","0.0","4.2037","0.0","4.2319","0.0","4.1605","0.0","4.2037","0.0","4.2319","0.0","4.1606000000000005","0.0"
"221","4.628","0.0","4.5132","0.0","4.5414","0.0","4.3696","0.0","4.3695","0.0","4.5599","0.0","4.4206","0.0","4.4629","0.0","4.3317000000000005","0.0","4.2599","0.0","4.186","0.0","4.3318","0.0","4.260000000000001","0.0","4.186100000000001","0.0"
"222","4.729500000000001","0.0","4.691800000000001","0.0","4.5505","0.0","4.4623","0.0","4.4622","0.0","4.5728","0.0","4.4699","0.0","4.5337000000000005","0.0","4.3996","0.0","4.32","0.0","4.213500000000001","0.0","4.3998","0.0","4.3199000000000005","0.0","4.213","0.0"
"223","4.784000000000001","0.0","4.7071000000000005","0.0","4.59","0.0","4.6283","0.0","4.6275","0.0","4.596900000000001","0.0","4.5042","0.0","4.5606","0.0","4.5308","0.0","4.3358","0.0","4.4176","0.0","4.5307","0.0","4.3357","0.0","4.4172","0.0"
"224","4.7883000000000004","0.0","4.7725","0.0","4.7209","0.0","4.6376","0.0","4.6383","0.0","4.643400000000001","0.0","4.5449","0.0","4.591200000000001","0.0","4.6172","0.0","4.4419","0.0","4.4656","0.0","4.6174","0.0","4.4423","0.0","4.466","0.0"
"225","4.8381","0.0","4.8100000000000005","0.0","4.7292000000000005","0.0","4.7089","0.0","4.709700000000001","0.0","4.758500000000001","0.0","4.5511","0.0","4.653700000000001","0.0","4.665500000000001","0.0","4.6345","0.0","4.5574","0.0","4.665500000000001","0.0","4.6342","0.0","4.5578","0.0"
"226","4.8809000000000005","0.0","4.822900000000001","0.0","4.8169","0.0","4.7721","0.0","4.7712","0.0","4.7603","0.0","4.5837","0.0","4.6642","0.0","4.680400000000001","0.0","4.6703","0.0","4.7222","0.0","4.6806","0.0","4.671200000000001","0.0","4.7216000000000005","0.0"
"227","4.9607","0.0","4.8413","0.0","4.832800000000001","0.0","4.828600000000001","0.0","4.8287","0.0","4.790900000000001","0.0","4.6587000000000005","0.0","4.7191","0.0","4.7766","0.0","4.6722","0.0","4.7348","0.0","4.7765","0.0","4.6715","0.0","4.734500000000001","0.0"
"228","4.990200000000001","0.0","4.880800000000001","0.0","4.8712","0.0","4.8791","0.0","4.8795","0.0","4.9062","0.0","4.6871","0.0","4.7346","0.0","4.8369","0.0","4.712000000000001","0.0","4.7729","0.0","4.8367","0.0","4.7115","0.0","4.7728","0.0"
"229","4.9964","0.0","4.9035","0.0","4.9769000000000005","0.0","4.9088","0.0","4.907900000000001","0.0","4.9383","0.0","4.728400000000001","0.0","4.7628","0.0","4.8433","0.0","4.726100000000001","0.0","4.78","0.0","4.8434","0.0","4.7263","0.0","4.7808","0.0"
"230","5.0621","0.0","4.9085","0.0","5.0116000000000005","0.0","4.9211","0.0","4.921","0.0","4.9467","0.0","4.9137","0.0","4.7885","0.0","4.9181","0.0","4.7616000000000005","0.0","4.82","0.0","4.9184","0.0","4.7620000000000005","0.0","4.8197","0.0"
"231","5.0638000000000005","0.0","5.0224","0.0","5.0134","0.0","4.959700000000001","0.0","4.9599","0.0","4.998600000000001","0.0","4.9672","0.0","4.8635","0.0","4.9576","0.0","4.9147","0.0","4.8475","0.0","4.9577","0.0","4.9154","0.0","4.848","0.0"
"232","5.1485","0.0","5.0426","0.0","5.0609","0.0","4.9916","0.0","4.9915","0.0","5.1618","0.0","5.0392","0.0","5.0372","0.0","4.9975000000000005","0.0","4.9195","0.0","4.8554","0.0","4.9975000000000005","0.0","4.9188","0.0","4.856400000000001","0.0"
"233","5.1624","0.0","5.0991","0.0","5.113","0.0","5.0663","0.0","5.0665000000000004","0.0","5.1681","0.0","5.0876","0.0","5.1212","0.0","4.9995","0.0","5.0522","0.0","5.0280000000000005","0.0","4.9995","0.0","5.0522","0.0","5.0284","0.0"
"234","5.1877","0.0","5.1471","0.0","5.1676","0.0","5.1389000000000005","0.0","5.1382","0.0","5.1919","0.0","5.1525","0.0","5.1996","0.0","5.09","0.0","5.0766","0.0","5.0905000000000005","0.0","5.0901000000000005","0.0","5.076300000000001","0.0","5.090800000000001","0.0"
"235","5.1883","0.0","5.1583000000000006","0.0","5.1930000000000005","0.0","5.1504","0.0","5.1502","0.0","5.227600000000001","0.0","5.1549000000000005","0.0","5.2009","0.0","5.1233","0.0","5.1379","0.0","5.104","0.0","5.1235","0.0","5.1384","0.0","5.1039","0.0"
"236","5.2123","0.0","5.1898","0.0","5.2363","0.0","5.1685","0.0","5.1691","0.0","5.2347","0.0","5.189500000000001","0.0","5.2404","0.0","5.1742","0.0","5.138","0.0","5.2066","0.0","5.173900000000001","0.0","5.1385000000000005","0.0","5.2069","0.0"
"237","5.250500000000001","0.0","5.2945","0.0","5.3152","0.0","5.259600000000001","0.0","5.2599","0.0","5.238","0.0","5.2538","0.0","5.281000000000001","0.0","5.2037","0.0","5.2007","0.0","5.215400000000001","0.0","5.2038","0.0","5.2008","0.0","5.2148","0.0"
"238","5.3087","0.0","5.3288","0.0","5.347300000000001","0.0","5.327100000000001","0.0","5.327100000000001","0.0","5.28","0.0","5.2839","0.0","5.3443000000000005","0.0","5.2792","0.0","5.2121","0.0","5.2468","0.0","5.2789","0.0","5.2121","0.0","5.2468","0.0"
"239","5.371700000000001","0.0","5.4350000000000005","0.0","5.4179","0.0","5.3399","0.0","5.3402","0.0","5.3615","0.0","5.3993","0.0","5.3508000000000004","0.0","5.3089","0.0","5.2312","0.0","5.3024000000000004","0.0","5.308800000000001","0.0","5.231400000000001","0.0","5.3016000000000005","0.0"
"240","5.4069","0.0","5.4588","0.0","5.426200000000001","0.0","5.3619","0.0","5.3616","0.0","5.3722","0.0","5.4553","0.0","5.3683000000000005","0.0","5.353800000000001","0.0","5.283","0.0","5.365200000000001","0.0","5.3536","0.0","5.2834","0.0","5.3653","0.0"
"241","5.477600000000001","0.0","5.478000000000001","0.0","5.465800000000001","0.0","5.4154","0.0","5.415900000000001","0.0","5.3959","0.0","5.4782","0.0","5.5052","0.0","5.3942000000000005","0.0","5.3039000000000005","0.0","5.393000000000001","0.0","5.3943","0.0","5.303","0.0","5.3926","0.0"
"242","5.478400000000001","0.0","5.516100000000001","0.0","5.4874","0.0","5.448","0.0","5.4474","0.0","5.4355","0.0","5.5149","0.0","5.5061","0.0","5.5469","0.0","5.4877","0.0","5.4214","0.0","5.5472","0.0","5.4874","0.0","5.4208","0.0"
"243","5.656000000000001","0.0","5.6092","0.0","5.5807","0.0","5.4667","0.0","5.4667","0.0","5.5520000000000005","0.0","5.5372","0.0","5.537100000000001","0.0","5.5497000000000005","0.0","5.522600000000001","0.0","5.4631","0.0","5.549300000000001","0.0","5.5221","0.0","5.4634","0.0"
"244","5.7571","0.0","5.6511000000000005","0.0","5.5852","0.0","5.5615000000000006","0.0","5.5616","0.0","5.6593","0.0","5.6187000000000005","0.0","5.612500000000001","0.0","5.6351","0.0","5.550400000000001","0.0","5.4839","0.0","5.6353","0.0","5.5506","0.0","5.4848","0.0"
"245","5.766100000000001","0.0","5.6574","0.0","5.6572000000000005","0.0","5.5891","0.0","5.5896","0.0","5.669700000000001","0.0","5.6774000000000004","0.0","5.6399","0.0","5.687","0.0","5.631600000000001","0.0","5.6287","0.0","5.6867","0.0","5.6309000000000005","0.0","5.6286000000000005","0.0"
"246","5.8376","0.0","5.7109000000000005","0.0","5.7756","0.0","5.5922","0.0","5.5913","0.0","5.7952","0.0","5.6789000000000005","0.0","5.6775","0.0","5.742900000000001","0.0","5.6809","0.0","5.6881","0.0","5.743","0.0","5.681100000000001","0.0","5.6879","0.0"
"247","5.8727","0.0","5.7182","0.0","5.7982000000000005","0.0","5.6879","0.0","5.6877","0.0","5.7998","0.0","5.681100000000001","0.0","5.759","0.0","5.752800000000001","0.0","5.6936","0.0","5.689","0.0","5.7526","0.0","5.6939","0.0","5.6886","0.0"
"248","5.929200000000001","0.0","5.8524","0.0","5.860600000000001","0.0","5.742","0.0","5.7423","0.0","5.835","0.0","5.7522","0.0","5.7685","0.0","5.791","0.0","5.7009","0.0","5.7427","0.0","5.790900000000001","0.0","5.7011","0.0","5.7426","0.0"
"249","5.9783","0.0","5.9453000000000005","0.0","5.931900000000001","0.0","5.7614","0.0","5.7620000000000005","0.0","5.881","0.0","5.7545","0.0","5.8864","0.0","5.8154","0.0","5.7461","0.0","5.7883000000000004","0.0","5.8154","0.0","5.7454","0.0","5.7885","0.0"
"250","6.0461","0.0","5.947900000000001","0.0","5.9393","0.0","5.79","0.0","5.7899","0.0","5.8843000000000005","0.0","5.8152","0.0","5.9139","0.0","5.8318","0.0","5.7856000000000005","0.0","5.804600000000001","0.0","5.832400000000001","0.0","5.785900000000001","0.0","5.8045","0.0"
"251","6.0471","0.0","5.9565","0.0","5.9484","0.0","5.8236","0.0","5.8235","0.0","5.9335","0.0","5.9762","0.0","5.9421","0.0","5.8952","0.0","5.8948","0.0","5.8932","0.0","5.895300000000001","0.0","5.8950000000000005","0.0","5.8929","0.0"
"252","6.0639","0.0","6.065300000000001","0.0","5.9629","0.0","5.9466","0.0","5.9468000000000005","0.0","5.9545","0.0","5.982200000000001","0.0","5.943300000000001","0.0","5.9049000000000005","0.0","5.9932","0.0","5.9386","0.0","5.9046","0.0","5.9931","0.0","5.9378","0.0"
"253","6.1264","0.0","6.0776","0.0","6.0071","0.0","5.9588","0.0","5.9588","0.0","6.0196000000000005","0.0","6.0266","0.0","6.0025","0.0","5.948","0.0","5.9990000000000006","0.0","5.945200000000001","0.0","5.9478","0.0","5.998600000000001","0.0","5.9454","0.0"
"254","6.169300000000001","0.0","6.1252","0.0","6.043200000000001","0.0","6.0407","0.0","6.0408","0.0","6.0396","0.0","6.0267","0.0","6.0063","0.0","6.0484","0.0","6.0166","0.0","5.9772","0.0","6.0486","0.0","6.0175","0.0","5.9775","0.0"
"255","6.1751000000000005","0.0","6.1366000000000005","0.0","6.0585","0.0","6.140000000000001","0.0","6.139600000000001","0.0","6.0577000000000005","0.0","6.0676000000000005","0.0","6.1022","0.0","6.137300000000001","0.0","6.0377","0.0","6.0251","0.0","6.135800000000001","0.0","6.0392","0.0","6.0247","0.0"
"256","6.2174000000000005","0.0","6.189900000000001","0.0","6.1163","0.0","6.214","0.0","6.204000000000001","0.0","6.107600000000001","0.0","6.1648000000000005","0.0","6.1168000000000005","0.0","6.1433","0.0","6.0392","0.0","6.043","0.0","6.1444","0.0","6.0395","0.0","6.0434","0.0"
